Country,Year,change
Albania,2000,29.9
Albania,2001,-5.2
Albania,2002,8.3
Albania,2003,12.8
Albania,2004,6.7
Albania,2005,-1.3
Albania,2006,-5.8
Albania,2007,-13.9
Albania,2008,9.2
Albania,2009,9.0
Albania,2010,6.8
Albania,2011,-12.7
Albania,2012,-2.1
Albania,2013,25.5
Albania,2014,-11.9
Albania,2015,0.1
Albania,2016,11.4
Albania,2017,-3.3
Albania,2018,13.4
Albania,2019,-22.1
Algeria,2000,-3.7
Algeria,2001,3.6
Algeria,2002,3.6
Algeria,2003,4.7
Algeria,2004,3.8
Algeria,2005,4.7
Algeria,2006,3.5
Algeria,2007,5.4
Algeria,2008,6.0
Algeria,2009,6.0
Algeria,2010,-2.2
Algeria,2011,5.8
Algeria,2012,9.3
Algeria,2013,5.8
Algeria,2014,9.1
Algeria,2015,5.4
Algeria,2016,-0.1
Algeria,2017,1.1
Algeria,2018,7.6
Algeria,2019,3.5
Algeria,2020,-5.8
Algeria,2021,4.6
Austria,2000,0.4
Austria,2001,3.6
Austria,2002,0.2
Austria,2003,1.0
Austria,2004,1.9
Austria,2005,1.7
Austria,2006,-1.0
Austria,2007,-2.1
Austria,2008,1.9
Austria,2009,-3.1
Austria,2010,3.3
Austria,2011,-6.4
Austria,2012,5.3
Austria,2013,-0.7
Austria,2014,-4.0
Austria,2015,0.1
Austria,2016,3.3
Austria,2017,2.2
Austria,2018,-2.3
Austria,2019,5.0
Austria,2020,-6.5
Austria,2021,2.9
Belarus,2000,3.1
Belarus,2001,-2.8
Belarus,2002,3.5
Belarus,2003,-0.8
Belarus,2004,12.0
Belarus,2005,-0.3
Belarus,2006,6.3
Belarus,2007,-2.4
Belarus,2008,1.3
Belarus,2009,-5.4
Belarus,2010,8.4
Belarus,2011,-1.8
Belarus,2012,8.2
Belarus,2013,-9.4
Belarus,2014,0.0
Belarus,2015,-9.5
Belarus,2016,2.2
Belarus,2017,1.8
Belarus,2018,10.6
Belarus,2019,0.5
Belarus,2020,-7.1
Belarus,2021,7.1
Belgium,2000,1.8
Belgium,2001,-0.9
Belgium,2002,-0.5
Belgium,2003,3.8
Belgium,2004,0.4
Belgium,2005,-1.1
Belgium,2006,0.3
Belgium,2007,0.7
Belgium,2008,1.6
Belgium,2009,-6.5
Belgium,2010,6.6
Belgium,2011,-6.5
Belgium,2012,-4.1
Belgium,2013,2.8
Belgium,2014,-7.0
Belgium,2015,1.4
Belgium,2016,7.8
Belgium,2017,1.1
Belgium,2018,-0.8
Belgium,2019,3.2
Belgium,2020,-9.7
Belgium,2021,11.9
Bosnia and Herzegovina,2000,10.8
Bosnia and Herzegovina,2001,-0.5
Bosnia and Herzegovina,2002,0.5
Bosnia and Herzegovina,2003,-12.8
Bosnia and Herzegovina,2004,3.3
Bosnia and Herzegovina,2005,-7.6
Bosnia and Herzegovina,2006,2.2
Bosnia and Herzegovina,2007,-4.5
Bosnia and Herzegovina,2008,13.1
Bosnia and Herzegovina,2009,20.2
Bosnia and Herzegovina,2010,7.0
Bosnia and Herzegovina,2011,-3.1
Bosnia and Herzegovina,2012,-2.7
Bosnia and Herzegovina,2013,1.5
Bosnia and Herzegovina,2014,-3.2
Bosnia and Herzegovina,2015,0.2
Bosnia and Herzegovina,2016,2.3
Bosnia and Herzegovina,2017,-0.8
Bosnia and Herzegovina,2018,1.7
Bosnia and Herzegovina,2019,-5.1
British Virgin Islands,2000,75.1
British Virgin Islands,2001,2.3
British Virgin Islands,2002,5.8
British Virgin Islands,2003,6.8
British Virgin Islands,2004,5.1
British Virgin Islands,2005,2.9
British Virgin Islands,2006,8.9
British Virgin Islands,2007,3.7
British Virgin Islands,2008,7.4
British Virgin Islands,2009,4.8
British Virgin Islands,2010,3.1
British Virgin Islands,2011,2.4
British Virgin Islands,2012,-0.4
British Virgin Islands,2013,0.0
British Virgin Islands,2014,1.6
British Virgin Islands,2015,0.4
British Virgin Islands,2016,1.3
British Virgin Islands,2017,-6.0
British Virgin Islands,2018,24.2
British Virgin Islands,2019,-20.1
Brunei,2000,2.0
Brunei,2001,13.7
Brunei,2002,16.8
Brunei,2003,3.5
Brunei,2004,11.0
Brunei,2005,12.7
Brunei,2006,54.1
Brunei,2007,5.0
Brunei,2008,2.7
Brunei,2009,-33.7
Brunei,2010,13.9
Brunei,2011,2.7
Brunei,2012,-2.8
Brunei,2013,-7.0
Brunei,2014,12.5
Brunei,2015,10.5
Brunei,2016,4.5
Brunei,2017,0.4
Brunei,2018,4.0
Brunei,2019,-1.3
Bulgaria,2000,1.1
Bulgaria,2001,3.3
Bulgaria,2002,-2.4
Bulgaria,2003,3.7
Bulgaria,2004,-3.2
Bulgaria,2005,8.2
Bulgaria,2006,1.9
Bulgaria,2007,-3.2
Bulgaria,2008,-1.6
Bulgaria,2009,-12.5
Bulgaria,2010,4.2
Bulgaria,2011,6.3
Bulgaria,2012,-5.0
Bulgaria,2013,-7.4
Bulgaria,2014,6.8
Bulgaria,2015,6.3
Bulgaria,2016,-5.3
Bulgaria,2017,2.2
Bulgaria,2018,0.3
Bulgaria,2019,-3.4
Bulgaria,2020,-7.7
Bulgaria,2021,12.3
Croatia,2000,-5.4
Croatia,2001,5.1
Croatia,2002,0.1
Croatia,2003,4.6
Croatia,2004,4.0
Croatia,2005,-1.1
Croatia,2006,-1.2
Croatia,2007,0.5
Croatia,2008,-0.5
Croatia,2009,-1.3
Croatia,2010,1.6
Croatia,2011,-12.8
Croatia,2012,-7.3
Croatia,2013,9.7
Croatia,2014,-0.1
Croatia,2015,-5.2
Croatia,2016,4.1
Croatia,2017,0.1
Croatia,2018,3.6
Croatia,2019,-2.4
Croatia,2020,-4.6
Croatia,2021,8.8
Czech Republic,2000,5.7
Czech Republic,2001,2.3
Czech Republic,2002,0.3
Czech Republic,2003,5.7
Czech Republic,2004,2.5
Czech Republic,2005,-1.5
Czech Republic,2006,1.9
Czech Republic,2007,-1.1
Czech Republic,2008,-1.9
Czech Republic,2009,-4.0
Czech Republic,2010,4.2
Czech Republic,2011,-2.2
Czech Republic,2012,-0.5
Czech Republic,2013,-1.9
Czech Republic,2014,-2.1
Czech Republic,2015,-1.9
Czech Republic,2016,-1.4
Czech Republic,2017,4.6
Czech Republic,2018,-0.3
Czech Republic,2019,-1.3
Czech Republic,2020,-7.5
Czech Republic,2021,5.4
Denmark,2000,-3.9
Denmark,2001,0.3
Denmark,2002,-0.2
Denmark,2003,7.8
Denmark,2004,-5.3
Denmark,2005,-3.4
Denmark,2006,10.1
Denmark,2007,-5.1
Denmark,2008,-3.7
Denmark,2009,-5.9
Denmark,2010,5.4
Denmark,2011,-5.5
Denmark,2012,-7.3
Denmark,2013,4.5
Denmark,2014,-3.1
Denmark,2015,-3.4
Denmark,2016,0.9
Denmark,2017,0.6
Denmark,2018,-1.5
Denmark,2019,-1.9
Denmark,2020,-10.9
Denmark,2021,7.1
Dominican Republic,2000,37.7
Dominican Republic,2001,-2.8
Dominican Republic,2002,5.6
Dominican Republic,2003,-8.2
Dominican Republic,2004,-6.8
Dominican Republic,2005,9.6
Dominican Republic,2006,-0.1
Dominican Republic,2007,2.8
Dominican Republic,2008,-0.6
Dominican Republic,2009,-1.2
Dominican Republic,2010,5.0
Dominican Republic,2011,-1.6
Dominican Republic,2012,11.0
Dominican Republic,2013,-4.7
Dominican Republic,2014,-4.0
Dominican Republic,2015,10.9
Dominican Republic,2016,6.4
Dominican Republic,2017,-1.4
Dominican Republic,2018,10.6
Dominican Republic,2019,8.8
Ecuador,2000,-5.5
Ecuador,2001,1.3
Ecuador,2002,-1.3
Ecuador,2003,2.4
Ecuador,2004,7.0
Ecuador,2005,5.8
Ecuador,2006,5.8
Ecuador,2007,5.1
Ecuador,2008,6.7
Ecuador,2009,-2.4
Ecuador,2010,11.0
Ecuador,2011,6.1
Ecuador,2012,5.6
Ecuador,2013,3.2
Ecuador,2014,5.0
Ecuador,2015,-0.3
Ecuador,2016,-0.3
Ecuador,2017,3.8
Ecuador,2018,5.8
Ecuador,2019,2.6
Ecuador,2020,-13.7
Ecuador,2021,16.1
Equatorial Guinea,2001,-43.1
Equatorial Guinea,2003,8.3
Equatorial Guinea,2006,22.2
Equatorial Guinea,2007,10.6
Equatorial Guinea,2008,-0.9
Equatorial Guinea,2009,6.0
Equatorial Guinea,2010,-4.0
Equatorial Guinea,2011,7.5
Equatorial Guinea,2012,-2.8
Equatorial Guinea,2013,3.2
Equatorial Guinea,2014,-5.9
Equatorial Guinea,2015,-9.9
Equatorial Guinea,2016,-1.2
Equatorial Guinea,2017,-1.7
Equatorial Guinea,2018,-9.3
Equatorial Guinea,2019,-7.8
Eritrea,2000,-48.7
Eritrea,2001,9.5
Eritrea,2002,-8.8
Eritrea,2003,19.9
Eritrea,2004,8.9
Eritrea,2005,0.1
Eritrea,2006,-31.2
Eritrea,2007,2.7
Eritrea,2008,-28.5
Eritrea,2009,20.8
Eritrea,2010,-0.3
Eritrea,2011,1.8
Eritrea,2012,6.3
Eritrea,2013,2.0
Eritrea,2014,4.4
Eritrea,2015,-0.8
Eritrea,2016,1.8
Eritrea,2017,10.8
Eritrea,2018,14.6
Eritrea,2019,8.5
Estonia,2000,3.0
Estonia,2001,4.4
Estonia,2002,-0.3
Estonia,2003,9.1
Estonia,2004,2.0
Estonia,2005,0.6
Estonia,2006,-1.2
Estonia,2007,15.8
Estonia,2008,-8.0
Estonia,2009,-13.5
Estonia,2010,24.6
Estonia,2011,-0.3
Estonia,2012,0.7
Estonia,2013,5.3
Estonia,2014,-4.4
Estonia,2015,-7.5
Estonia,2016,3.1
Estonia,2017,10.9
Estonia,2018,-0.8
Estonia,2019,-19.4
Estonia,2020,-6.1
Estonia,2021,12.2
Finland,2000,0.5
Finland,2001,2.2
Finland,2002,0.5
Finland,2003,7.1
Finland,2004,-0.4
Finland,2005,-9.2
Finland,2006,7.4
Finland,2007,-0.3
Finland,2008,-3.6
Finland,2009,-7.3
Finland,2010,8.7
Finland,2011,-5.8
Finland,2012,-2.7
Finland,2013,0.4
Finland,2014,-3.5
Finland,2015,-0.3
Finland,2016,1.6
Finland,2017,-2.0
Finland,2018,2.0
Finland,2019,-2.1
Finland,2020,-4.2
Finland,2021,2.6
France,2000,1.3
France,2001,1.2
France,2002,-1.0
France,2003,1.0
France,2004,0.8
France,2005,-0.6
France,2006,-0.8
France,2007,-1.8
France,2008,0.3
France,2009,-5.6
France,2010,3.0
France,2011,-3.9
France,2012,0.1
France,2013,1.1
France,2014,-4.2
France,2015,0.6
France,2016,-1.7
France,2017,-0.7
France,2018,1.8
France,2019,-2.1
France,2020,-9.9
France,2021,6.2
French Guiana,2000,-43.1
French Guiana,2001,83.2
French Guiana,2002,-7.0
French Guiana,2003,16.5
French Guiana,2004,-0.1
French Guiana,2005,0.1
French Guiana,2006,-6.2
French Guiana,2007,8.7
French Guiana,2008,2.0
French Guiana,2009,17.3
French Guiana,2010,-4.4
French Guiana,2011,2.7
French Guiana,2012,-16.5
French Guiana,2013,1.7
French Guiana,2014,5.0
French Guiana,2015,-0.6
French Guiana,2016,3.1
French Guiana,2017,6.1
French Guiana,2018,-1.7
French Guiana,2019,-5.8
Gambia,2000,31.4
Gambia,2001,8.9
Gambia,2002,-0.4
Gambia,2003,0.0
Gambia,2004,5.5
Gambia,2005,1.0
Gambia,2006,8.7
Gambia,2007,3.7
Gambia,2008,3.9
Gambia,2009,7.4
Gambia,2010,9.1
Gambia,2011,5.1
Gambia,2012,-2.5
Gambia,2013,-0.5
Gambia,2014,10.6
Gambia,2015,2.3
Gambia,2016,0.8
Gambia,2017,1.7
Gambia,2018,0.7
Gambia,2019,2.0
Georgia,2000,-14.6
Georgia,2001,-7.6
Georgia,2002,17.9
Georgia,2003,-11.0
Georgia,2004,3.3
Georgia,2005,13.8
Georgia,2006,-9.6
Georgia,2007,25.1
Georgia,2008,0.0
Georgia,2009,1.7
Georgia,2010,7.8
Georgia,2011,-6.9
Georgia,2012,3.6
Georgia,2013,12.6
Georgia,2014,4.4
Georgia,2015,6.0
Georgia,2016,5.7
Georgia,2017,-0.6
Georgia,2018,2.0
Georgia,2019,1.4
Germany,2000,0.6
Germany,2001,1.9
Germany,2002,-1.3
Germany,2003,0.0
Germany,2004,0.0
Germany,2005,-1.2
Germany,2006,2.5
Germany,2007,-4.2
Germany,2008,1.1
Germany,2009,-6.2
Germany,2010,4.2
Germany,2011,-3.5
Germany,2012,1.4
Germany,2013,2.8
Germany,2014,-4.1
Germany,2015,1.9
Germany,2016,1.6
Germany,2017,1.3
Germany,2018,-2.5
Germany,2019,-2.6
Germany,2020,-7.1
Germany,2021,2.3
Greece,2000,5.2
Greece,2001,0.8
Greece,2002,0.1
Greece,2003,5.8
Greece,2004,0.0
Greece,2005,0.3
Greece,2006,2.9
Greece,2007,2.0
Greece,2008,-2.9
Greece,2009,-3.5
Greece,2010,-4.7
Greece,2011,-2.2
Greece,2012,-5.9
Greece,2013,-5.9
Greece,2014,-6.0
Greece,2015,1.2
Greece,2016,-1.9
Greece,2017,-13.0
Greece,2018,21.1
Greece,2019,-2.4
Greece,2020,-11.0
Greece,2021,5.7
Greenland,2000,8.4
Greenland,2001,-6.7
Greenland,2002,-3.2
Greenland,2003,9.6
Greenland,2004,-3.6
Greenland,2005,20.4
Greenland,2006,-8.3
Greenland,2007,13.0
Greenland,2008,-11.1
Greenland,2009,9.5
Greenland,2010,26.3
Greenland,2011,-1.1
Greenland,2012,-16.6
Greenland,2013,0.6
Greenland,2014,-6.5
Greenland,2015,6.5
Greenland,2016,-1.3
Greenland,2017,-0.5
Greenland,2018,2.0
Greenland,2019,-2.5
Guinea-Bissau,2000,-24.3
Guinea-Bissau,2001,1.8
Guinea-Bissau,2002,2.2
Guinea-Bissau,2003,16.3
Guinea-Bissau,2004,3.5
Guinea-Bissau,2005,1.3
Guinea-Bissau,2006,2.3
Guinea-Bissau,2007,6.2
Guinea-Bissau,2008,-2.6
Guinea-Bissau,2009,3.6
Guinea-Bissau,2010,2.6
Guinea-Bissau,2011,1.5
Guinea-Bissau,2012,2.0
Guinea-Bissau,2013,2.4
Guinea-Bissau,2014,5.1
Guinea-Bissau,2015,3.4
Guinea-Bissau,2016,4.1
Guinea-Bissau,2017,-19.1
Guinea-Bissau,2018,0.5
Guinea-Bissau,2019,0.0
Hungary,2000,-2.9
Hungary,2001,2.4
Hungary,2002,-1.1
Hungary,2003,0.2
Hungary,2004,1.6
Hungary,2005,6.9
Hungary,2006,-1.5
Hungary,2007,-1.3
Hungary,2008,-1.4
Hungary,2009,-7.9
Hungary,2010,1.9
Hungary,2011,-3.0
Hungary,2012,-6.7
Hungary,2013,-5.2
Hungary,2014,0.1
Hungary,2015,5.4
Hungary,2016,1.8
Hungary,2017,5.4
Hungary,2018,0.7
Hungary,2019,1.3
Hungary,2020,-1.6
Hungary,2021,4.3
Iceland,2000,6.2
Iceland,2001,1.1
Iceland,2002,3.9
Iceland,2003,0.5
Iceland,2004,2.0
Iceland,2005,0.3
Iceland,2006,9.7
Iceland,2007,14.3
Iceland,2008,25.4
Iceland,2009,-0.2
Iceland,2010,0.1
Iceland,2011,0.0
Iceland,2012,0.9
Iceland,2013,3.2
Iceland,2014,-0.1
Iceland,2015,4.4
Iceland,2016,0.4
Iceland,2017,4.6
Iceland,2018,3.4
Iceland,2019,-4.7
Iceland,2020,-9.8
Iceland,2021,2.2
Ireland,2000,4.0
Ireland,2001,6.0
Ireland,2002,-0.7
Ireland,2003,-2.6
Ireland,2004,1.3
Ireland,2005,4.4
Ireland,2006,2.1
Ireland,2007,2.9
Ireland,2008,-0.4
Ireland,2009,-8.6
Ireland,2010,-0.2
Ireland,2011,-4.4
Ireland,2012,-1.8
Ireland,2013,-2.1
Ireland,2014,-0.4
Ireland,2015,6.3
Ireland,2016,4.1
Ireland,2017,0.5
Ireland,2018,2.2
Ireland,2019,0.1
Ireland,2020,-6.3
Ireland,2021,-0.4
Israel,2000,-5.8
Israel,2001,-0.1
Israel,2002,2.0
Israel,2003,3.0
Israel,2004,2.0
Israel,2005,0.5
Israel,2006,-0.3
Israel,2007,4.6
Israel,2008,2.9
Israel,2009,-2.8
Israel,2010,4.0
Israel,2011,1.9
Israel,2012,4.6
Israel,2013,-5.4
Israel,2014,-2.4
Israel,2015,5.5
Israel,2016,2.0
Israel,2017,2.0
Israel,2018,1.6
Israel,2019,3.5
Israel,2020,-5.4
Israel,2021,2.2
Italy,2000,1.3
Italy,2001,-0.1
Italy,2002,-0.7
Italy,2003,3.2
Italy,2004,2.2
Italy,2005,0.1
Italy,2006,-0.5
Italy,2007,-1.9
Italy,2008,-1.7
Italy,2009,-6.6
Italy,2010,3.3
Italy,2011,-1.9
Italy,2012,-2.7
Italy,2013,-4.4
Italy,2014,-5.2
Italy,2015,2.8
Italy,2016,0.3
Italy,2017,1.2
Italy,2018,0.8
Italy,2019,-1.7
Italy,2020,-9.6
Italy,2021,7.3
Kosovo,2009,12.5
Kosovo,2010,-0.9
Kosovo,2011,0.6
Kosovo,2012,-0.5
Kosovo,2013,-4.3
Kosovo,2014,-7.4
Kosovo,2015,14.4
Kosovo,2016,3.8
Kosovo,2017,-10.5
Kosovo,2018,2.2
Kosovo,2019,2.7
Latvia,2000,-2.2
Latvia,2001,7.7
Latvia,2002,0.9
Latvia,2003,-1.2
Latvia,2004,12.4
Latvia,2005,3.1
Latvia,2006,-5.1
Latvia,2007,3.1
Latvia,2008,0.7
Latvia,2009,-5.2
Latvia,2010,13.4
Latvia,2011,-10.7
Latvia,2012,3.6
Latvia,2013,-3.6
Latvia,2014,-7.9
Latvia,2015,2.4
Latvia,2016,6.6
Latvia,2017,10.0
Latvia,2018,-11.0
Latvia,2019,2.9
Latvia,2020,-9.2
Latvia,2021,3.7
Libya,2000,35.8
Libya,2001,0.8
Libya,2002,3.1
Libya,2003,-1.5
Libya,2004,2.4
Libya,2005,3.4
Libya,2006,-8.3
Libya,2007,-0.7
Libya,2008,3.8
Libya,2009,14.4
Libya,2010,5.5
Libya,2011,-34.4
Libya,2012,24.6
Libya,2013,7.6
Libya,2014,-2.3
Libya,2015,-20.4
Libya,2016,-2.1
Libya,2017,-1.0
Libya,2018,5.1
Libya,2019,-4.5
Lithuania,2000,-11.6
Lithuania,2001,16.9
Lithuania,2002,6.7
Lithuania,2003,4.9
Lithuania,2004,0.8
Lithuania,2005,-9.2
Lithuania,2006,-4.2
Lithuania,2007,9.4
Lithuania,2008,-0.9
Lithuania,2009,-8.1
Lithuania,2010,-26.3
Lithuania,2011,3.8
Lithuania,2012,0.5
Lithuania,2013,-7.6
Lithuania,2014,-3.5
Lithuania,2015,4.5
Lithuania,2016,1.8
Lithuania,2017,5.6
Lithuania,2018,2.5
Lithuania,2019,-0.4
Lithuania,2020,-0.3
Lithuania,2021,0.3
Luxembourg,2000,6.7
Luxembourg,2001,7.2
Luxembourg,2002,9.3
Luxembourg,2003,4.9
Luxembourg,2004,13.3
Luxembourg,2005,1.5
Luxembourg,2006,-1.8
Luxembourg,2007,-2.9
Luxembourg,2008,-0.7
Luxembourg,2009,-4.4
Luxembourg,2010,5.3
Luxembourg,2011,-2.6
Luxembourg,2012,-1.8
Luxembourg,2013,-4.7
Luxembourg,2014,-3.1
Luxembourg,2015,-2.8
Luxembourg,2016,-1.3
Luxembourg,2017,4.5
Luxembourg,2018,4.7
Luxembourg,2019,1.8
Luxembourg,2020,-14.4
Luxembourg,2021,3.9
Republic of Moldova,2000,3.9
Republic of Moldova,2001,-2.2
Republic of Moldova,2002,10.1
Republic of Moldova,2003,11.1
Republic of Moldova,2004,-6.6
Republic of Moldova,2005,9.5
Republic of Moldova,2006,5.8
Republic of Moldova,2007,-13.0
Republic of Moldova,2008,3.3
Republic of Moldova,2009,-9.9
Republic of Moldova,2010,-1.1
Republic of Moldova,2011,-3.1
Republic of Moldova,2012,36.8
Republic of Moldova,2013,-1.6
Republic of Moldova,2014,-4.4
Republic of Moldova,2015,-10.6
Republic of Moldova,2016,-0.1
Republic of Moldova,2017,1.7
Republic of Moldova,2018,6.6
Republic of Moldova,2019,1.7
Montenegro,2007,-10.1
Montenegro,2008,13.0
Montenegro,2009,-13.7
Montenegro,2010,24.9
Montenegro,2011,-17.5
Montenegro,2012,-2.9
Montenegro,2013,7.7
Montenegro,2014,-10.7
Montenegro,2015,2.9
Montenegro,2016,-0.1
Montenegro,2017,-6.6
Montenegro,2018,19.5
Montenegro,2019,-4.2
Netherlands,2000,1.3
Netherlands,2001,3.8
Netherlands,2002,0.0
Netherlands,2003,0.7
Netherlands,2004,3.4
Netherlands,2005,2.2
Netherlands,2006,-2.0
Netherlands,2007,1.6
Netherlands,2008,-1.2
Netherlands,2009,-1.4
Netherlands,2010,5.9
Netherlands,2011,-4.2
Netherlands,2012,-3.3
Netherlands,2013,-3.0
Netherlands,2014,-5.6
Netherlands,2015,1.4
Netherlands,2016,1.8
Netherlands,2017,-1.5
Netherlands,2018,0.0
Netherlands,2019,-0.1
Netherlands,2020,-4.6
Netherlands,2021,2.7
Nicaragua,2000,-0.9
Nicaragua,2001,6.1
Nicaragua,2002,1.9
Nicaragua,2003,6.1
Nicaragua,2004,4.1
Nicaragua,2005,1.6
Nicaragua,2006,0.5
Nicaragua,2007,4.2
Nicaragua,2008,1.2
Nicaragua,2009,0.0
Nicaragua,2010,3.4
Nicaragua,2011,5.2
Nicaragua,2012,0.9
Nicaragua,2013,6.1
Nicaragua,2014,5.8
Nicaragua,2015,9.7
Nicaragua,2016,0.1
Nicaragua,2017,-0.1
Nicaragua,2018,-0.8
Nicaragua,2019,1.7
The former Yugoslav Republic of Macedonia,2000,-5.1
The former Yugoslav Republic of Macedonia,2001,-5.9
The former Yugoslav Republic of Macedonia,2002,-2.3
The former Yugoslav Republic of Macedonia,2003,12.7
The former Yugoslav Republic of Macedonia,2004,-1.2
The former Yugoslav Republic of Macedonia,2005,3.1
The former Yugoslav Republic of Macedonia,2006,1.7
The former Yugoslav Republic of Macedonia,2007,-0.8
The former Yugoslav Republic of Macedonia,2008,-3.4
The former Yugoslav Republic of Macedonia,2009,-1.5
The former Yugoslav Republic of Macedonia,2010,8.4
The former Yugoslav Republic of Macedonia,2011,-0.2
The former Yugoslav Republic of Macedonia,2012,-7.2
The former Yugoslav Republic of Macedonia,2013,-4.0
The former Yugoslav Republic of Macedonia,2014,-7.2
The former Yugoslav Republic of Macedonia,2015,5.4
The former Yugoslav Republic of Macedonia,2016,3.8
The former Yugoslav Republic of Macedonia,2017,-3.8
The former Yugoslav Republic of Macedonia,2018,-0.1
The former Yugoslav Republic of Macedonia,2019,5.6
The former Yugoslav Republic of Macedonia,2020,-12.9
The former Yugoslav Republic of Macedonia,2021,7.4
Norway,2000,10.8
Norway,2001,-9.6
Norway,2002,4.0
Norway,2003,-11.7
Norway,2004,1.9
Norway,2005,14.2
Norway,2006,-8.4
Norway,2007,7.3
Norway,2008,2.4
Norway,2009,-7.7
Norway,2010,-4.0
Norway,2011,1.4
Norway,2012,10.7
Norway,2013,-6.3
Norway,2014,3.0
Norway,2015,1.0
Norway,2016,1.3
Norway,2017,0.5
Norway,2018,-1.3
Norway,2019,-6.4
Norway,2020,8.5
Norway,2021,1.6
Poland,2000,-6.0
Poland,2001,-0.7
Poland,2002,-1.1
Poland,2003,3.5
Poland,2004,0.7
Poland,2005,2.2
Poland,2006,4.9
Poland,2007,-0.3
Poland,2008,1.8
Poland,2009,-3.5
Poland,2010,6.6
Poland,2011,0.6
Poland,2012,-2.9
Poland,2013,0.2
Poland,2014,-3.6
Poland,2015,1.0
Poland,2016,4.3
Poland,2017,3.9
Poland,2018,1.1
Poland,2019,-2.9
Poland,2020,-4.3
Poland,2021,8.8
Portugal,2000,3.3
Portugal,2001,1.5
Portugal,2002,-0.8
Portugal,2003,2.7
Portugal,2004,-1.9
Portugal,2005,-0.2
Portugal,2006,-0.7
Portugal,2007,0.8
Portugal,2008,-3.5
Portugal,2009,0.9
Portugal,2010,5.5
Portugal,2011,-4.6
Portugal,2012,-8.7
Portugal,2013,9.8
Portugal,2014,2.0
Portugal,2015,-2.2
Portugal,2016,7.0
Portugal,2017,-3.1
Portugal,2018,1.9
Portugal,2019,-4.8
Portugal,2020,-9.6
Portugal,2021,0.3
Romania,2000,-0.2
Romania,2001,1.1
Romania,2002,3.8
Romania,2003,0.0
Romania,2004,3.6
Romania,2005,0.2
Romania,2006,2.0
Romania,2007,-3.5
Romania,2008,0.3
Romania,2009,-12.6
Romania,2010,0.9
Romania,2011,2.4
Romania,2012,-3.8
Romania,2013,-6.7
Romania,2014,3.8
Romania,2015,0.5
Romania,2016,0.0
Romania,2017,1.7
Romania,2018,1.9
Romania,2019,-2.3
Romania,2020,-4.6
Romania,2021,5.5
Russia,2000,1.8
Russia,2001,1.6
Russia,2002,-0.4
Russia,2003,2.1
Russia,2004,0.9
Russia,2005,-0.1
Russia,2006,4.4
Russia,2007,0.5
Russia,2008,0.5
Russia,2009,-5.0
Russia,2010,3.9
Russia,2011,3.4
Russia,2012,0.2
Russia,2013,-1.3
Russia,2014,0.2
Russia,2015,-1.7
Russia,2016,2.2
Russia,2017,0.6
Russia,2018,3.7
Russia,2019,-0.7
Russia,2020,-3.8
Russia,2021,8.4
Serbia,2007,-0.4
Serbia,2008,-0.4
Serbia,2009,-4.5
Serbia,2010,3.2
Serbia,2011,1.1
Serbia,2012,-5.8
Serbia,2013,-0.3
Serbia,2014,-10.9
Serbia,2015,10.7
Serbia,2016,2.4
Serbia,2017,2.8
Serbia,2018,0.0
Serbia,2019,1.1
Serbia and Montenegro,2000,1.0
Serbia and Montenegro,2001,3.9
Serbia and Montenegro,2002,10.2
Serbia and Montenegro,2003,1.0
Serbia and Montenegro,2004,2.8
Serbia and Montenegro,2005,-5.7
Seychelles,2000,64.0
Seychelles,2001,7.6
Seychelles,2002,-12.9
Seychelles,2003,-0.2
Seychelles,2004,39.6
Seychelles,2005,-8.9
Seychelles,2006,6.2
Seychelles,2007,-17.8
Seychelles,2008,9.0
Seychelles,2009,9.0
Seychelles,2010,-9.6
Seychelles,2011,-14.1
Seychelles,2012,15.1
Seychelles,2013,-9.7
Seychelles,2014,16.9
Seychelles,2015,3.6
Seychelles,2016,10.9
Seychelles,2017,4.3
Seychelles,2018,-11.3
Seychelles,2019,0.3
Sierra Leone,2001,25.5
Sierra Leone,2002,0.6
Sierra Leone,2003,2.7
Sierra Leone,2004,-0.2
Sierra Leone,2005,-9.4
Sierra Leone,2006,21.0
Sierra Leone,2007,-5.6
Sierra Leone,2008,-1.6
Sierra Leone,2009,0.4
Sierra Leone,2010,18.8
Sierra Leone,2011,26.6
Sierra Leone,2012,11.0
Sierra Leone,2013,16.4
Sierra Leone,2014,10.0
Sierra Leone,2015,-18.3
Sierra Leone,2016,2.3
Sierra Leone,2017,-0.6
Sierra Leone,2018,1.4
Sierra Leone,2019,-7.6
Singapore,2000,6.9
Singapore,2001,13.6
Singapore,2002,-1.8
Singapore,2003,-5.5
Singapore,2004,11.9
Singapore,2005,5.1
Singapore,2006,10.0
Singapore,2007,7.4
Singapore,2008,6.4
Singapore,2009,7.5
Singapore,2010,7.5
Singapore,2011,4.0
Singapore,2012,0.4
Singapore,2013,2.2
Singapore,2014,2.9
Singapore,2015,6.3
Singapore,2016,3.8
Singapore,2017,3.1
Singapore,2018,0.5
Singapore,2019,-2.1
Singapore,2020,-2.7
Singapore,2021,0.5
Slovakia,2000,3.3
Slovakia,2001,2.9
Slovakia,2002,0.8
Slovakia,2003,-3.1
Slovakia,2004,-2.6
Slovakia,2005,5.4
Slovakia,2006,-3.5
Slovakia,2007,-6.2
Slovakia,2008,3.5
Slovakia,2009,-8.9
Slovakia,2010,6.5
Slovakia,2011,-3.8
Slovakia,2012,-3.9
Slovakia,2013,2.5
Slovakia,2014,-6.6
Slovakia,2015,1.0
Slovakia,2016,0.5
Slovakia,2017,5.7
Slovakia,2018,-1.6
Slovakia,2019,-3.3
Slovakia,2020,-2.2
Slovakia,2021,9.0
Slovenia,2000,-0.9
Slovenia,2001,4.5
Slovenia,2002,-0.5
Slovenia,2003,-1.9
Slovenia,2004,6.2
Slovenia,2005,0.0
Slovenia,2006,0.9
Slovenia,2007,-0.6
Slovenia,2008,9.6
Slovenia,2009,-7.6
Slovenia,2010,0.2
Slovenia,2011,-2.9
Slovenia,2012,-2.8
Slovenia,2013,-1.1
Slovenia,2014,2.6
Slovenia,2015,-9.8
Slovenia,2016,6.9
Slovenia,2017,1.1
Slovenia,2018,2.0
Slovenia,2019,-2.9
Slovenia,2020,-3.4
Slovenia,2021,-3.1
Somalia,2000,25.1
Somalia,2001,1.7
Somalia,2002,8.1
Somalia,2003,0.0
Somalia,2004,0.1
Somalia,2005,1.0
Somalia,2006,0.8
Somalia,2007,1.4
Somalia,2008,-1.1
Somalia,2009,-0.3
Somalia,2010,2.5
Somalia,2011,0.0
Somalia,2012,0.3
Somalia,2013,0.0
Somalia,2014,0.0
Somalia,2015,3.8
Somalia,2016,2.3
Somalia,2017,0.0
Somalia,2018,0.4
Somalia,2019,-0.1
Spain,2000,5.8
Spain,2001,4.6
Spain,2002,1.1
Spain,2003,5.7
Spain,2004,3.7
Spain,2005,0.7
Spain,2006,1.4
Spain,2007,2.2
Spain,2008,-2.8
Spain,2009,-7.3
Spain,2010,2.7
Spain,2011,-1.9
Spain,2012,-0.6
Spain,2013,-5.0
Spain,2014,-1.9
Spain,2015,1.2
Spain,2016,1.0
Spain,2017,1.1
Spain,2018,1.8
Spain,2019,-2.8
Spain,2020,-9.5
Spain,2021,7.9
Sri Lanka,2000,5.6
Sri Lanka,2001,-2.8
Sri Lanka,2002,2.8
Sri Lanka,2003,2.9
Sri Lanka,2004,-2.8
Sri Lanka,2005,15.5
Sri Lanka,2006,7.4
Sri Lanka,2007,1.7
Sri Lanka,2008,-5.7
Sri Lanka,2009,1.4
Sri Lanka,2010,8.0
Sri Lanka,2011,8.6
Sri Lanka,2012,3.1
Sri Lanka,2013,1.6
Sri Lanka,2014,7.5
Sri Lanka,2015,12.2
Sri Lanka,2016,8.7
Sri Lanka,2017,-1.9
Sri Lanka,2018,3.1
Sri Lanka,2019,3.1
Sri Lanka,2020,-4.5
Sri Lanka,2021,2.9
Sudan,2000,44.0
Sudan,2001,7.4
Sudan,2002,18.4
Sudan,2003,3.7
Sudan,2004,9.7
Sudan,2005,16.1
Sudan,2006,19.2
Sudan,2007,6.1
Sudan,2008,9.0
Sudan,2009,7.7
Sudan,2010,13.2
Sudan,2011,-3.5
Sudan,2012,-3.5
Sudan,2013,5.0
Sudan,2014,2.5
Sudan,2015,3.4
Sudan,2016,16.1
Sudan,2017,2.2
Sudan,2018,-0.6
Sudan,2019,-5.8
Suriname,2000,-17.1
Suriname,2001,-1.3
Suriname,2002,10.9
Suriname,2003,-11.4
Suriname,2004,13.3
Suriname,2005,1.8
Suriname,2006,9.0
Suriname,2007,-6.5
Suriname,2008,18.3
Suriname,2009,1.7
Suriname,2010,20.1
Suriname,2011,-18.6
Suriname,2012,8.9
Suriname,2013,-3.7
Suriname,2014,-2.6
Suriname,2015,-8.1
Suriname,2016,3.9
Suriname,2017,16.5
Suriname,2018,1.0
Suriname,2019,9.0
Sweden,2000,-7.3
Sweden,2001,7.3
Sweden,2002,-6.4
Sweden,2003,-4.2
Sweden,2004,7.7
Sweden,2005,2.7
Sweden,2006,-6.0
Sweden,2007,1.5
Sweden,2008,-1.5
Sweden,2009,-8.3
Sweden,2010,6.0
Sweden,2011,-1.1
Sweden,2012,6.2
Sweden,2013,-6.3
Sweden,2014,-0.5
Sweden,2015,3.4
Sweden,2016,-1.8
Sweden,2017,3.2
Sweden,2018,-2.0
Sweden,2019,4.0
Sweden,2020,-4.8
Sweden,2021,2.6
Switzerland,2000,-2.4
Switzerland,2001,6.8
Switzerland,2002,-6.9
Switzerland,2003,-1.1
Switzerland,2004,-1.5
Switzerland,2005,-4.1
Switzerland,2006,4.1
Switzerland,2007,-1.1
Switzerland,2008,3.3
Switzerland,2009,-0.3
Switzerland,2010,-2.6
Switzerland,2011,-5.1
Switzerland,2012,5.7
Switzerland,2013,2.6
Switzerland,2014,-4.5
Switzerland,2015,-2.2
Switzerland,2016,-5.9
Switzerland,2017,0.2
Switzerland,2018,1.6
Switzerland,2019,4.3
Switzerland,2020,-8.0
Switzerland,2021,-3.5
Syria,2000,-3.6
Syria,2001,-1.2
Syria,2002,8.2
Syria,2003,-2.9
Syria,2004,11.2
Syria,2005,13.0
Syria,2006,4.2
Syria,2007,3.2
Syria,2008,1.5
Syria,2009,-6.4
Syria,2010,3.5
Syria,2011,-9.5
Syria,2012,-22.7
Syria,2013,-26.6
Syria,2014,-11.2
Syria,2015,-11.0
Syria,2016,-2.6
Syria,2017,0.6
Syria,2018,17.0
Syria,2019,-10.7
Taiwan,2000,6.7
Taiwan,2001,3.2
Taiwan,2002,4.0
Taiwan,2003,4.5
Taiwan,2004,4.2
Taiwan,2005,1.3
Taiwan,2006,2.6
Taiwan,2007,4.2
Taiwan,2008,-3.3
Taiwan,2009,-2.7
Taiwan,2010,7.2
Taiwan,2011,-0.7
Taiwan,2012,-0.7
Taiwan,2013,2.1
Taiwan,2014,2.2
Taiwan,2015,-0.1
Taiwan,2016,0.7
Taiwan,2017,-0.1
Taiwan,2018,1.4
Taiwan,2019,-1.8
Taiwan,2020,-2.9
Taiwan,2021,5.9
Turkey,2000,6.8
Turkey,2001,-9.1
Turkey,2002,9.4
Turkey,2003,5.9
Turkey,2004,7.1
Turkey,2005,2.3
Turkey,2006,10.9
Turkey,2007,6.2
Turkey,2008,0.3
Turkey,2009,1.4
Turkey,2010,5.5
Turkey,2011,6.8
Turkey,2012,6.2
Turkey,2013,-0.7
Turkey,2014,3.0
Turkey,2015,9.7
Turkey,2016,5.2
Turkey,2017,6.0
Turkey,2018,-1.1
Turkey,2019,3.8
Turkey,2020,-2.5
Turkey,2021,6.0
Turkmenistan,2000,-15.8
Turkmenistan,2001,26.2
Turkmenistan,2002,-15.7
Turkmenistan,2003,38.1
Turkmenistan,2004,-1.0
Turkmenistan,2005,1.3
Turkmenistan,2006,1.1
Turkmenistan,2007,-3.0
Turkmenistan,2008,-18.0
Turkmenistan,2009,63.0
Turkmenistan,2010,7.8
Turkmenistan,2011,11.0
Turkmenistan,2012,9.0
Turkmenistan,2013,-11.2
Turkmenistan,2014,3.7
Turkmenistan,2015,19.7
Turkmenistan,2016,-1.0
Turkmenistan,2017,-1.0
Turkmenistan,2018,11.3
Turkmenistan,2019,8.7
Turkmenistan,2020,-5.8
Turkmenistan,2021,19.8
Turks and Caicos Islands,2001,6.2
Turks and Caicos Islands,2002,33.2
Turks and Caicos Islands,2003,2.8
Turks and Caicos Islands,2004,3.0
Turks and Caicos Islands,2005,17.6
Turks and Caicos Islands,2006,15.0
Turks and Caicos Islands,2007,17.4
Turks and Caicos Islands,2008,6.5
Turks and Caicos Islands,2009,0.9
Turks and Caicos Islands,2010,3.4
Turks and Caicos Islands,2011,0.0
Turks and Caicos Islands,2012,0.0
Turks and Caicos Islands,2013,0.8
Turks and Caicos Islands,2014,7.4
Turks and Caicos Islands,2015,3.1
Turks and Caicos Islands,2016,3.4
Turks and Caicos Islands,2017,8.2
Turks and Caicos Islands,2018,0.0
Turks and Caicos Islands,2019,3.1
Ukraine,2000,0.3
Ukraine,2001,-1.4
Ukraine,2002,-0.6
Ukraine,2003,2.5
Ukraine,2004,-0.4
Ukraine,2005,1.2
Ukraine,2006,1.2
Ukraine,2007,-0.4
Ukraine,2008,-3.5
Ukraine,2009,-14.8
Ukraine,2010,7.2
Ukraine,2011,3.4
Ukraine,2012,-2.2
Ukraine,2013,-5.1
Ukraine,2014,-11.8
Ukraine,2015,-17.0
Ukraine,2016,4.6
Ukraine,2017,-7.1
Ukraine,2018,3.8
Ukraine,2019,-5.4
Ukraine,2020,-4.1
Ukraine,2021,0.9
United Kingdom,2000,0.7
United Kingdom,2001,0.9
United Kingdom,2002,-2.1
United Kingdom,2003,1.6
United Kingdom,2004,0.5
United Kingdom,2005,1.1
United Kingdom,2006,-1.2
United Kingdom,2007,-3.0
United Kingdom,2008,-1.8
United Kingdom,2009,-4.9
United Kingdom,2010,2.4
United Kingdom,2011,-5.4
United Kingdom,2012,1.2
United Kingdom,2013,-0.3
United Kingdom,2014,-5.6
United Kingdom,2015,1.4
United Kingdom,2016,-1.1
United Kingdom,2017,-0.3
United Kingdom,2018,-0.4
United Kingdom,2019,-2.3
United Kingdom,2020,-10.3
United Kingdom,2021,1.7
